Consultas principales,Clics,Impresiones,CTR,Posición
amazing care,1821,17221,10.57%,1.5
amazing care electrolitos,521,5972,8.72%,1.26
electrolitos,341,69670,0.49%,6.31
electrolitos amazing care,335,4373,7.66%,1.2
electrolitos en sobre,109,8101,1.35%,3.02
amazingcare,86,513,16.76%,1.26
amazing care fibra,64,696,9.2%,1.01
amazin care,62,576,10.76%,1.01
amazing,57,12272,0.46%,8.59
electrolitos en polvo,53,2989,1.77%,3.54
fibra amazing care,35,371,9.43%,1.27
amazing care para que sirve,28,272,10.29%,1.17
amazong care,25,180,13.89%,1
fibra prebiotica,24,1088,2.21%,3.32
amazing care electrolitos para que sirve,22,293,7.51%,1.1
amazing electrolitos,15,224,6.7%,1.08
polvos hidratantes,14,485,2.89%,2.95
electrolitos polvo,12,591,2.03%,3.06
electrolitos bebida,10,1788,0.56%,3.27
electrolitos sobre,10,551,1.81%,1.77
sobres de electrolitos,8,690,1.16%,3.02
sobre electrolitos,8,382,2.09%,2.45
amazing carr,8,80,10%,1.01
electrolitos sin azucar,7,882,0.79%,3.63
amzing care,7,40,17.5%,1.35
tipos de magnesio,6,2572,0.23%,5.99
polvo hidratante,6,665,0.9%,3.01
sobre de electrolitos,6,371,1.62%,2.38
botella running,5,462,1.08%,9.57
electrolitos por mayor,5,79,6.33%,4.77
amazing sales,5,16,31.25%,2.19
electrolitos suplemento,4,547,0.73%,4
amazing care dr simi,4,51,7.84%,1.59
magnesio para que sirve,3,4054,0.07%,10.11
que son los electrolitos,3,2228,0.13%,10.81
tipos de magnesio y para que sirve cada uno,3,1360,0.22%,9.08
electrolitos que son,3,429,0.7%,10.96
amazing care cruz verde,3,364,0.82%,6.29
sobres electrolitos,3,326,0.92%,2.32
electrolitos sachet,3,209,1.44%,6.66
polvo electrolitos,3,202,1.49%,2.91
botella soft flask,3,198,1.52%,8.16
electrolitos maracuya,3,161,1.86%,2.14
fibra prebiotica amazing care,3,150,2%,1.27
polvo de electrolitos,3,99,3.03%,3
hidratante electrolitos,3,85,3.53%,4.06
electrolitos sin sabor,3,70,4.29%,9.16
electrolit polvo,3,68,4.41%,4.25
amazing care logo,3,36,8.33%,4.17
electrolitos amazing care para que sirve,3,30,10%,1.13
amazincare,3,26,11.54%,2.12
amazing cre,3,13,23.08%,5.54
electrolitos para que sirven,2,1348,0.15%,12.43
somp,2,935,0.21%,9.33
electrolitros,2,733,0.27%,6.18
soft flask,2,563,0.36%,8.56
bebida electrolitos,2,419,0.48%,3.32
fibra prebiótica para que sirve,2,320,0.62%,6.82
botella flexible running,2,232,0.86%,7.16
fibra prebiótica,2,185,1.08%,3.41
sachet de electrolitos,2,158,1.27%,6.8
botella running flexible,2,152,1.32%,7.11
sachet electrolitos,2,144,1.39%,6.76
sobres de electrolitos sin azucar,2,137,1.46%,3.8
hidratantes en polvo,2,124,1.61%,1.87
sobre hidratante,2,118,1.69%,4.75
donde comprar electrolitos,2,107,1.87%,8.15
electrolitos hidratacion,2,96,2.08%,6.36
electrolitos para tomar,2,92,2.17%,3.82
electrolitos para la caña,2,83,2.41%,7.36
electrolitos en polvo sin azucar,2,78,2.56%,2.73
electrolitos para embarazadas,2,78,2.56%,6.46
cuando tomar electrolitos running,2,77,2.6%,5.56
electrolito polvo,2,69,2.9%,2.8
botella vidrio boca ancha,2,61,3.28%,3.75
electrolitos limon,2,38,5.26%,2.13
fibra con probioticos,2,34,5.88%,3.91
tienda amazing,2,34,5.88%,4.38
sobres hidratacion,2,33,6.06%,5.94
electrolitos sin sabor y sin azucar,2,23,8.7%,6.74
amazing care electrolitos dr simi,2,22,9.09%,1.05
electrolitos para agua,2,21,9.52%,4.38
electrolitos para preparar,2,13,15.38%,3
amazing core,2,7,28.57%,5
electrolitos que son y para que sirven,1,1350,0.07%,6.94
cuanta fibra comer al dia,1,832,0.12%,7.48
para que son los electrolitos,1,775,0.13%,9.81
magnesio tipos,1,592,0.17%,8.6
tipos de magnesio para que sirve,1,576,0.17%,8.31
creatina para que sirve,1,502,0.2%,11.39
fibra,1,419,0.24%,8.47
electrolitos chile,1,322,0.31%,6.18
hidratante en polvo,1,312,0.32%,2.59
sobres hidratantes,1,304,0.33%,5.25
cuántos tipos de magnesio hay,1,287,0.35%,9.32
tipo de magnesio,1,277,0.36%,6.94
electrolitis,1,257,0.39%,6.11
electrolits,1,242,0.41%,6.13
electrolitos sobres,1,203,0.49%,2.8
creatina beneficios mujer,1,203,0.49%,7.32
electrolitos en sobre para que sirve,1,197,0.51%,4.49
botella boca ancha,1,178,0.56%,4.61
electroñitos,1,174,0.57%,5.98
electrilitos,1,163,0.61%,6.12
electrolitos naturales,1,148,0.68%,6.46
elctrolitos,1,147,0.68%,6.01
hydration boost electrolitos,1,144,0.69%,8.42
tipos de magnecio,1,138,0.72%,5.43
sobres de hidratación,1,131,0.76%,5.62
electrolit maracuya,1,123,0.81%,6.85
electrolitos comprar,1,114,0.88%,9.25
electrolitoa,1,112,0.89%,5.97
botella soft,1,106,0.94%,9.26
polvos electrolitos,1,98,1.02%,1.88
botella boca ancha vidrio,1,94,1.06%,4.27
elwctrolitos,1,94,1.06%,6.05
electrolitos bebida para que sirve,1,93,1.08%,8.33
hidratante polvo,1,90,1.11%,2.32
bebidas electrolitos,1,89,1.12%,1.82
eñectrolitos,1,87,1.15%,6.31
suero isotonico receta,1,80,1.25%,9.69
jugo con electrolitos,1,78,1.28%,6
beneficios de la creatina en mujeres,1,78,1.28%,8.71
hidratación con electrolitos,1,77,1.3%,5.26
tipos de magnesio y para que sirve,1,76,1.32%,9.2
electrolitos para disautonomia,1,75,1.33%,5.4
creatina en mujeres,1,75,1.33%,7.75
softflask,1,75,1.33%,10.21
botella blanda running,1,73,1.37%,9.6
botellas flexibles running,1,69,1.45%,6.52
probiotico con fibra,1,66,1.52%,5.59
electrolitos sin azúcar,1,65,1.54%,4.66
electroditos,1,63,1.59%,6.16
polvo de hidratación,1,61,1.64%,2.89
para que sirve,1,61,1.64%,11.93
que es la creatina,1,56,1.79%,8.36
bebidas con electrolitos sin azúcar,1,54,1.85%,2.83
sobres con electrolitos,1,51,1.96%,3.63
polvos de electrolitos,1,49,2.04%,1.69
electroliyos,1,49,2.04%,6.16
electrolito sobre,1,48,2.08%,2.58
electrolitos con sabor,1,47,2.13%,2.66
fibra probiotica,1,43,2.33%,4.51
electrolitos en sobre sin azucar,1,40,2.5%,4
diferentes tipos de magnesio,1,39,2.56%,5.95
botella 600ml,1,38,2.63%,1.71
fibra prebiotica que es,1,38,2.63%,5.79
electrolit,1,37,2.7%,2.89
electrolitos naranja,1,36,2.78%,3.42
amazing chile,1,35,2.86%,5.23
agua con electrolitos marcas,1,35,2.86%,8.03
que es la fibra prebiotica,1,32,3.12%,4.72
si,1,30,3.33%,3.23
magnesio cuantos tipos hay,1,30,3.33%,6.37
propiedades de la creatina en mujeres,1,30,3.33%,7.93
bebidas electrolitos sin azucar,1,27,3.7%,3.19
sales hidratantes sin azucar,1,27,3.7%,3.89
bebidas hidratantes con electrolitos,1,26,3.85%,3.88
electrolitos pack,1,25,4%,6.6
electrolitos piña,1,23,4.35%,1.39
cuando tomar los electrolitos,1,23,4.35%,3.65
electrolitos baratos,1,23,4.35%,7.61
como hacer una bebida isotonica casera,1,22,4.55%,8.95
magnesio,1,22,4.55%,9.77
beneficios de tomar electrolitos,1,22,4.55%,9.91
electrolito sin azucar,1,21,4.76%,3.86
diferencias entre magnesios,1,19,5.26%,6.42
tipos de suplemento de magnesio,1,16,6.25%,6.38
ignacio vivanco,1,16,6.25%,8.12
agua isotónica casera beneficios,1,15,6.67%,7.67
electrolitos ingredientes,1,14,7.14%,5.43
para que es la creatina monohidratada,1,14,7.14%,9.93
tipos de magnesio suplemento,1,13,7.69%,3.46
amazing care salcobrand,1,13,7.69%,4.08
electrolitos sin azúcar farmacia,1,13,7.69%,8.31
eletrolitos en polvo,1,12,8.33%,1.92
electrolitos polvo sin azucar,1,12,8.33%,2.58
probiotico + fibra,1,12,8.33%,4.58
electrolitos para migraña,1,11,9.09%,4.82
suplementos funcionales,1,11,9.09%,6.27
electrolittos,1,11,9.09%,7.64
electrólitos en polvo,1,11,9.09%,14.64
electrolitos de sabores,1,10,10%,3.4
magnesios tipos y usos,1,9,11.11%,8.44
amazing energy,1,8,12.5%,3.12
www.amazing,1,8,12.5%,3.12
cuales son los mejores electrolitos sin azucar,1,8,12.5%,6.38
flask bottle,1,8,12.5%,37.12
bebida de electrolitos casera,1,7,14.29%,8.14
en chile,1,6,16.67%,3.5
suplemento somp,1,6,16.67%,6
como se toma,1,5,20%,1.4
electrolitos en polvo para deportistas,1,5,20%,8.4
monohidrato de creatina para que sirve,1,5,20%,13
ingesta de fibra recomendada,1,4,25%,12.5
amazing ca,1,3,33.33%,2.33
www amazing,1,3,33.33%,2.33
cómo es la creatina,1,3,33.33%,6.67
eletolitos,1,3,33.33%,7.33
fibra con probióticos y prebióticos,1,2,50%,1
fibra de sabores,1,2,50%,1
amazing food,1,2,50%,6.5
care berries,1,1,100%,1
como preparar,1,1,100%,1
cuanta cafeína tiene,1,1,100%,1
lo venden en chile?,1,1,100%,1
marcas en chile,1,1,100%,1
para los calambres,1,1,100%,1
preparación?,1,1,100%,1
suplemento en polvo,1,1,100%,1
cuales son los mejores,1,1,100%,3
donde comprarlo al mejor precio,1,1,100%,3
mejor precio,1,1,100%,3
sabores surtidos,1,1,100%,3
isotonico polvo,1,1,100%,6
mini batidora,1,1,100%,6
electrolitos prz,1,1,100%,8
sales minerales para hidratar,1,1,100%,8
todo sobre el magnesio,1,1,100%,8
para que sirven los electrolitos,0,3618,0%,9.41
para que sirve la creatina en mujeres,0,1630,0%,10.52
que son los electrolitos y para que sirven,0,1149,0%,9.65
botella térmica insulada,0,1144,0%,12.73
para qué sirven los electrolitos,0,828,0%,9.69
para que sirve la creatina,0,426,0%,12.43
que es electrolitos,0,360,0%,12.26
beneficios de la creatina en la mujer,0,334,0%,7.84
que son electrolitos,0,333,0%,10.99
creatina para que sirve en mujeres,0,325,0%,10.09
creatina,0,319,0%,14.5
para que es la creatina,0,314,0%,9.76
electrolito,0,279,0%,6.51
qué son los electrolitos,0,274,0%,11.55
electrolito en polvo,0,247,0%,2.57
para que sirve tomar electrolitos,0,245,0%,10.06
los electrolitos para que sirven,0,237,0%,9.06
electrolitos para deportistas,0,218,0%,16.56
electrolitos para que sirve,0,213,0%,25.84
botellas running,0,210,0%,9.15
como tomar creatina,0,195,0%,20.53
cuanta fibra hay que comer al dia,0,194,0%,6.92
electrolytes powder,0,191,0%,2.01
para que sirve la fibra prebiótica,0,182,0%,7.35
para que sirve los electrolitos,0,180,0%,9.91
tipos de magnesio y cuál es el mejor,0,164,0%,7.77
eletrolitos,0,163,0%,6.33
polvo hidratante para agua,0,160,0%,3.65
ameizin,0,153,0%,6.71
que son electrolitos y para que sirven,0,150,0%,12.65
agua con electrolitos chile,0,149,0%,7.16
sobres para la caña,0,148,0%,9.93
amazing care jumbo,0,147,0%,7.2
para que es la creatina en mujeres,0,143,0%,10.43
electrolitod,0,141,0%,6.14
botella de agua para running,0,140,0%,33.99
prebiotica,0,138,0%,5.07
electrolitos que es,0,134,0%,10.33
creatina para que serve,0,133,0%,10.35
efectos de la creatina en la mujer,0,130,0%,9.68
cuanta fibra se debe consumir al dia,0,129,0%,7.34
suplemento electrolitos,0,128,0%,12.89
electolitos,0,121,0%,5.64
magnesios tipos,0,120,0%,6.33
magnesio tipos para que sirve,0,118,0%,7.59
electrolitos cuando tomarlos,0,116,0%,9.61
agua con electrolitos para que sirve,0,116,0%,11
los electrolitos se toman antes o despues de entrenar,0,115,0%,8.2
beneficios de la creatina,0,114,0%,20.43
requerimiento de fibra en adultos oms,0,113,0%,10.05
electrolitos hidratantes,0,112,0%,3.7
cuantos tipos de magnesio hay,0,111,0%,8.63
electeolitos,0,110,0%,6.21
botellas 600 ml,0,108,0%,18.23
electrolitos precio,0,106,0%,5.42
polvos de hidratacion,0,104,0%,4.36
polvo para hidratar,0,102,0%,4.32
que es una botella insulada,0,102,0%,8.29
cuantos tipos de magnesio hay y para que sirve,0,102,0%,8.98
para que sirve la creatina en la mujer,0,101,0%,9.55
electrolitos en polvo chile,0,100,0%,4.04
creatina monohidratada para que sirve,0,100,0%,5.67
electrolitos jumbo,0,99,0%,2.78
polvos para la caña,0,99,0%,9.86
creatina monohidratada,0,97,0%,3.01
helectrolitos,0,97,0%,6.04
que es electrolitos y para que sirve,0,97,0%,9.84
electrolit en sobre,0,95,0%,3.31
electrolit en polvo,0,95,0%,3.82
comprar electrolitos,0,95,0%,7.43
creatina como tomar,0,95,0%,10.15
cuando tomar electrolitos,0,94,0%,5.59
boost electrolitos,0,93,0%,7.49
botella termica 500 ml,0,92,0%,8.17
electrolitos.,0,91,0%,5.56
electrolitos de maracuya,0,89,0%,2.25
diferencia entre citrato de magnesio y magnesio quelado,0,88,0%,25.05
de que sirven los electrolitos,0,87,0%,8.36
electrlitos,0,86,0%,6.02
bebida isotonica casera,0,86,0%,7.59
para qué sirve la creatina,0,85,0%,10.86
para que son electrolitos,0,84,0%,6.26
electrolutos,0,83,0%,6.58
agua con electrolitos casera,0,83,0%,7.36
cuanta fibra consumir al dia,0,82,0%,8.63
boca ancha,0,82,0%,11.84
"electrolitos, bebida",0,81,0%,1.54
electrolitos suplemento para que sirve,0,81,0%,8.7
hidratacion en polvo,0,80,0%,5.16
electrolitos sabores,0,80,0%,7.6
fibra diaria recomendada,0,78,0%,9.37
electrolistos,0,76,0%,6.07
tipos de magnesios,0,76,0%,6.64
qué es electrolitos,0,75,0%,13.15
para qué sirve la fibra prebiótica,0,74,0%,8.85
electrolitos farmacia,0,74,0%,10.92
cuanta fibra necesito al dia,0,73,0%,7.53
cantidad de fibra recomendada oms,0,73,0%,9.04
elextrolitos,0,72,0%,6.15
para que es electrolitos,0,72,0%,8.4
magnesio que es,0,70,0%,10.09
qué son los electrolitos y para qué sirven,0,70,0%,10.86
electrolitos para que sirven en el cuerpo,0,69,0%,10.1
electrolitos bebidas,0,68,0%,1.74
botella de vidrio boca ancha,0,68,0%,4.97
cuanta fibra debe consumir una persona al dia,0,66,0%,7.24
tomar electrolitos,0,65,0%,8.54
cuando tomar electrolitos antes o despues de entrenar,0,65,0%,9.48
creatina monohidratada para que sirve en mujeres,0,64,0%,9.67
sabor berries,0,63,0%,3.44
electrolitos running,0,63,0%,9.06
tipos magnesio,0,62,0%,6.82
beneficio de la creatina en mujeres,0,62,0%,7.97
amzing,0,62,0%,8.73
electrólitos,0,62,0%,8.76
botellas soft flask,0,62,0%,10.31
clases de magnesio,0,61,0%,6.3
botellas de running,0,61,0%,8.21
cuántos tipos de magnesio existen,0,61,0%,9
botellas para correr,0,61,0%,9.1
para qué sirve tomar electrolitos,0,61,0%,10.25
electrolitos en sobres,0,60,0%,3.9
hidratante en sobre,0,59,0%,2.08
mejores electrolitos,0,59,0%,5.29
bebidas con electrolitos,0,59,0%,7.47
polvo rehidratante,0,58,0%,4.28
que significa botella insulada,0,58,0%,4.67
elevtrolitos,0,58,0%,6.74
energy boost,0,58,0%,7.1
magnesio para que sirve cada uno,0,58,0%,7.84
tipos de magnesio y sus usos,0,58,0%,9
consumo de fibra,0,58,0%,10.33
botella insulada que es,0,57,0%,1.77
sobre de electeolitos,0,57,0%,2.19
hidratante con electrolitos,0,57,0%,4.65
electrolitios,0,57,0%,6.19
electrolitos como tomarlos,0,57,0%,8.49
para que sirve los electrolitos en el cuerpo,0,57,0%,10.63
fibra probioticos,0,56,0%,5.52
polvo para la caña,0,56,0%,8.84
bienestar intestinal,0,56,0%,13.43
polvos para hidratar,0,55,0%,3.78
magnesio tipos y usos,0,55,0%,7.58
electrolicos,0,54,0%,5.72
que es fibra prebiotica,0,54,0%,6.41
tipos de magnesio y usos,0,54,0%,7.85
para que sirve la creatine,0,54,0%,11.04
electrolitos para hidratar,0,53,0%,4.98
cuanta fibra debo comer al dia,0,53,0%,8.34
electrolitos donde comprar,0,53,0%,9.58
que hacen los electrolitos en el cuerpo,0,53,0%,13.98
hidratantes en sobre,0,52,0%,2.79
qué es la fibra prebiótica,0,52,0%,5.31
que tipos de magnesio hay y para que son,0,52,0%,6.27
tipos de magnesios y sus usos,0,52,0%,7.12
como tomar electrolitos,0,52,0%,9.06
creatine monohydrate para que sirve,0,52,0%,10.71
eectrolitos,0,51,0%,6.35
botella de running,0,51,0%,8.35
polvo con electrolitos,0,50,0%,1.9
electrolitos jugo,0,50,0%,4.88
sobres de hidratacion,0,50,0%,6.1
venta de electrolitos,0,50,0%,7.8
cuantos gramos de fibra debo consumir al dia,0,50,0%,8.72
caja de electrolitos,0,49,0%,2.65
suplemento de electrolitos,0,49,0%,3.71
cuantos gramos de fibra hay que comer al dia,0,49,0%,6.94
que es la creatina y para que sirve,0,49,0%,9.71
para q sirven los electrolitos,0,48,0%,9.92
sobre de electrolitos sin azucar,0,47,0%,3.47
polvos hidratantes agua,0,47,0%,4.36
botella de agua boca ancha,0,47,0%,4.51
estrolitos,0,47,0%,6.4
bebida isotónica casera beneficios,0,47,0%,7.43
amazing care electrolitos opiniones,0,46,0%,1.13
agua isotonica casera,0,46,0%,8.17
para que es el electrolitos,0,46,0%,9.28
tipo de magnesio para que sirve,0,46,0%,9.65
puedo tomar electrolitos si estoy embarazada,0,46,0%,11.04
botellas boca ancha,0,45,0%,5.44
tipos de citrato,0,45,0%,7.42
para que sirve cada magnesio,0,45,0%,8.18
botella para correr,0,45,0%,8.22
cuántas clases de magnesio hay,0,45,0%,9.58
para que sirve el electrolitos,0,45,0%,10.24
suerox en sobre,0,44,0%,1.02
hidratantes con electrolitos,0,44,0%,2.3
botella insulada para que sirve,0,44,0%,5.5
jugo electrolito,0,44,0%,7.89
en que te ayuda la creatina,0,44,0%,9.59
comer fibra todos los dias,0,44,0%,10.11
para qué son los electrolitos,0,44,0%,10.57
pack de electrolitos,0,43,0%,1.33
lectrolitos,0,43,0%,6.12
electrolitos botella,0,43,0%,6.4
distintos tipos de magnesio,0,43,0%,6.6
electrolitos antes o despues de entrenar,0,43,0%,9.3
para que sirve electrolitos,0,43,0%,10.56
electrolitos para correr,0,42,0%,5.67
consumir electrolitos,0,42,0%,7.24
electrolitos como consumirlos,0,42,0%,8.26
electrolitos hydration boost,0,42,0%,9.48
cantidad de fibra recomendada al dia,0,42,0%,9.6
electrolitos de naranja,0,41,0%,2.27
electrolito en sobre,0,41,0%,2.56
para que sirve la fibra prebiotica,0,41,0%,7.68
prebiotica que es,0,41,0%,7.85
ectrolitos,0,41,0%,10.27
que son los electrolitos?,0,41,0%,10.41
botella ancha y corta,0,40,0%,4.2
bebida isotónica casera,0,40,0%,8.35
diferentes tipos de magnesio y sus usos,0,40,0%,8.78
bebida con electrolitos para que sirve,0,40,0%,9.65
cuales son los electrolitos,0,40,0%,11.18
electrolit por mayor,0,40,0%,11.25
botella de mano running,0,40,0%,20.57
bebida de electrolitos,0,39,0%,1.67
sobre de hidratación,0,39,0%,6.85
como consumir electrolitos,0,39,0%,8.56
como funciona la creatina,0,39,0%,10.85
los electrolitos,0,39,0%,10.92
fibrasol para que sirve,0,38,0%,2.18
electrolictos,0,38,0%,6.18
ekectrolitos,0,38,0%,6.29
tipos de magnesio y para que sirven,0,38,0%,8.16
botellas para running,0,38,0%,8.32
clases de magnesio y sus funciones,0,38,0%,8.58
que beneficios tiene la creatina,0,38,0%,10.76
polvo para hidratar el cuerpo,0,37,0%,4.14
electrolitos en polvo farmacia,0,37,0%,5.22
botellas soft,0,37,0%,7.08
para qué sirve el electrolitos,0,37,0%,8.35
cuanta fibra debe consumir un adulto,0,37,0%,8.38
que son y para que sirven los electrolitos,0,37,0%,9.54
electrolitos amazing care jumbo,0,37,0%,9.76
para que es buena la creatina en mujeres,0,37,0%,9.86
botella flask,0,37,0%,10.43
cantidad de fibra diaria recomendada oms,0,37,0%,11.38
electrolitros en polvo,0,36,0%,2.03
electorlitos,0,36,0%,6.03
sabor maracuya,0,36,0%,8.25
fibra recomendada al dia,0,36,0%,9.44
para que sirve la creatina monohidratada en mujeres,0,36,0%,9.72
10 tipos de magnesio,0,36,0%,9.75
que son los electrolitos en el cuerpo humano,0,36,0%,29.03
electrolitos energy,0,35,0%,2.51
600ml,0,35,0%,5.8
tipos de citrato de magnesio,0,35,0%,6.17
electrolotos,0,35,0%,6.23
dónde comprar electrolitos,0,35,0%,6.8
hidrolitos que es,0,35,0%,9.54
electromitos,0,34,0%,6.29
creatina en mujeres beneficios,0,34,0%,7.38
donde comprar electrolitos para el agua,0,34,0%,8.21
amazinf,0,34,0%,9
cuánta fibra debo consumir al día,0,34,0%,9.12
qué son electrolitos y para qué sirven,0,34,0%,9.79
bebida isotónica casera diarrea,0,34,0%,9.97
electroliros,0,34,0%,10.38
creatina como funciona,0,34,0%,10.59
q son los electrolitos,0,34,0%,10.68
salud intestinal,0,34,0%,20.94
bebidas de electrolitos,0,33,0%,2.67
bebida hidratante en polvo,0,33,0%,3.27
electrolitos en sachet,0,33,0%,4.94
que es botella insulada,0,33,0%,5.36
electrolit sin azucar,0,33,0%,5.67
que tipos de magnesio hay,0,33,0%,7.48
suplementos electrolitos,0,33,0%,7.76
electrolitos sabor,0,33,0%,9.7
beneficios creatina,0,33,0%,9.73
batidor electrico,0,33,0%,10.21
rehidratante en polvo,0,32,0%,4.19
electrolitos venta,0,32,0%,6.94
botella termica insulada,0,32,0%,7.16
polvo hidratante para deportistas,0,32,0%,8.75
soft flask 500ml,0,32,0%,10.31
electrolitos para que sirve en el cuerpo,0,32,0%,10.56
rosabella electrolitos,0,31,0%,2.52
electrolit sobre,0,31,0%,2.74
jugo de electrolitos,0,31,0%,7.1
botellas soft running,0,31,0%,8.32
es bueno tomar fibra todos los días,0,31,0%,8.45
sobres para hidratarse,0,31,0%,10.32
creatina para que sirve y como se toma,0,31,0%,11.74
diferencias de magnesio,0,30,0%,4.97
electrolit de maracuya,0,30,0%,5.7
suplementos de electrolitos,0,30,0%,6.2
cuantos magnesio hay y para que sirve cada uno,0,30,0%,6.27
elecyrolitos,0,30,0%,7.03
tipos de suplementos de magnesio,0,30,0%,7.07
para que sirven los distintos tipos de magnesio,0,30,0%,7.53
botella de running flexible,0,30,0%,7.87
para que son los electrolitos en el cuerpo,0,30,0%,9.93
para que sirve cada tipo de magnesio,0,30,0%,10.3
electrolito para que sirve,0,30,0%,10.77
creatina como se toma y para que sirve,0,30,0%,10.87
creatina suplemento,0,30,0%,18.2
hidratantes electrolitos,0,29,0%,4.72
electrolit sobres,0,29,0%,6.97
cuanta fibra al dia,0,29,0%,7.1
cuanta fibra hay que consumir al dia,0,29,0%,7.24
qué tipo de magnesio hay,0,29,0%,8.1
cuáles son los tipos de magnesio,0,29,0%,8.28
amazing life,0,29,0%,8.31
para qué sirve los electrolitos,0,29,0%,9.17
cuales son los tipos de magnesio y para que sirve,0,29,0%,9.21
para q sirve los electrolitos,0,29,0%,9.48
suero isotónico casero,0,29,0%,9.69
que es los electrolitos,0,29,0%,12.38
agua con electrolitos,0,28,0%,5.25
hidratante en polvo para agua,0,28,0%,5.57
electrolitow,0,28,0%,5.82
electronitos,0,28,0%,6.04
electritos,0,28,0%,6.32
para qué sirve electrolitos,0,28,0%,7.57
para que sirven los electrolitos?,0,28,0%,7.86
magnesios y sus funciones,0,28,0%,8.43
para q sirve tomar electrolitos,0,28,0%,8.82
katrin thompson,0,28,0%,9.11
diferentes magnesios,0,27,0%,6.7
beneficios creatina mujeres,0,27,0%,7.22
amazinh,0,27,0%,8.3
para que tomar electrolitos,0,27,0%,9.52
mejores polvos electrolíticos con etiqueta limpia,0,27,0%,13.11
electrolitos amazing,0,26,0%,1
powerade azul para que sirve,0,26,0%,1
botella 500ml,0,26,0%,2.88
botellas de vidrio boca ancha,0,26,0%,4.88
elecrolitos,0,26,0%,5.85
cuanta fibra se necesita al dia,0,26,0%,6.92
suero de piña,0,26,0%,7.88
tipos de magnesio y para qué sirven,0,26,0%,9.19
como usar creatina,0,26,0%,9.69
bebidas con electrolitos chile,0,26,0%,9.85
botella 600 ml,0,26,0%,11.77
simi fibra,0,25,0%,1.88
fibras prebioticas,0,25,0%,2.36
fibra digestiva,0,25,0%,4.48
fibrasol,0,25,0%,4.72
probioticos con fibra,0,25,0%,6.16
tipos de.magnesio,0,25,0%,6.4
cuanta fibra es recomendable comer al dia,0,25,0%,7.08
formas de magnesio,0,25,0%,7.08
cuantos gr de fibra debo consumir al dia,0,25,0%,7.48
tipos de magnesio y sus funciones,0,25,0%,7.84
limonada healthy,0,25,0%,7.96
fibra en sobre,0,25,0%,8.16
sales para la caña,0,25,0%,8.24
que tiene la creatina,0,25,0%,9.2
creatina que es,0,25,0%,9.36
para que sirve el agua con electrolitos,0,25,0%,9.44
qué es una botella insulada,0,25,0%,9.52
electrolitos que es y para que sirve,0,25,0%,10.4
fibra con sabor,0,24,0%,1.96
botella para running,0,24,0%,5.54
botellas de boca ancha,0,24,0%,5.88
botella de electrolitos,0,24,0%,6
electrolit pack,0,24,0%,6.33
magnesio diferentes tipos,0,24,0%,6.88
tipo de magnesio y para qué sirve cada uno,0,24,0%,7.33
jugos electrolitos,0,24,0%,7.88
botellas de hidratación running,0,24,0%,8
sales electrolitos,0,24,0%,8.25
para que sirven los diferentes tipos de magnesio,0,24,0%,8.29
requerimiento de fibra en adultos,0,24,0%,9.12
queratina para que sirve tomarla,0,24,0%,9.75
para qué sirve el electrolito,0,24,0%,10.46
mini batidor electrico,0,24,0%,10.5
botella termica 500ml,0,24,0%,12.79
creatina en polvo para que sirve,0,24,0%,12.83
botella insulada,0,24,0%,21.54
bebida con electrolitos,0,23,0%,2.57
soft botella,0,23,0%,3.43
tipos de magnecios,0,23,0%,5.52
electrositos,0,23,0%,6.09
tipo de magnesios,0,23,0%,6.43
botella agua boca ancha,0,23,0%,6.83
tipos de magnesio para tomar,0,23,0%,7.09
cuanta fibra necesita el cuerpo al dia,0,23,0%,7.87
isotonica casera,0,23,0%,7.91
beneficios de tomar creatina en mujeres,0,23,0%,9.3
para que sirven electrolitos,0,23,0%,9.39
los electrolitos que son,0,23,0%,10.57
funcion de la creatina,0,23,0%,12.96
electrolitos de piña,0,22,0%,1.45
amazing care electrolitos jumbo,0,22,0%,4.68
ele trolitos,0,22,0%,5.95
electtolitos,0,22,0%,6.09
electrolios,0,22,0%,6.41
en que ayuda la creatina a la mujer,0,22,0%,7
amagazing,0,22,0%,7.86
electrolito sodio,0,22,0%,7.95
cuantos tipos de magnesio existen,0,22,0%,8.14
electrolitps,0,22,0%,9.09
polvo para caña,0,22,0%,9.77
que son los electrolitos en el agua,0,22,0%,10
el limon tiene electrolitos,0,22,0%,11.59
qué son electrolitos,0,22,0%,14.64
agua con electrolitos sin azucar,0,21,0%,2.19
electrolitos suplementos,0,21,0%,4.48
para que sirve la creatina monohidratada,0,21,0%,4.57
electrolitos en botella,0,21,0%,5.19
eloctrolitos,0,21,0%,6.33
fibra y probióticos,0,21,0%,7.29
tipos.de.magnesio,0,21,0%,7.43
electrolitos para disolver en agua,0,21,0%,7.95
para que es los electrolitos,0,21,0%,8.38
cuánta fibra se debe consumir al día,0,21,0%,8.67
tipos de magnesio y funciones,0,21,0%,8.76
tipos de magnesio y sus propiedades,0,21,0%,9.1
cuanto fibra consumir al dia,0,21,0%,9.38
cantidad de fibra diaria,0,21,0%,9.48
fibra necesaria al dia,0,21,0%,9.81
para que se usa la creatina,0,21,0%,10.33
creatina que es y para que sirve,0,21,0%,18.52
running flask,0,20,0%,4.05
flask running,0,20,0%,4.1
citrato de magnesio tipos,0,20,0%,5.4
soft bottle,0,20,0%,5.9
pack electrolit,0,20,0%,6.2
electrolitro,0,20,0%,6.35
fibra en sobres,0,20,0%,8.1
botella silicona running,0,20,0%,8.15
electrolitos para que son,0,20,0%,8.35
cuanta fibra se recomienda comer al dia,0,20,0%,8.45
como hacer bebida isotonica casera,0,20,0%,9.4
electrolitos para qué sirve,0,20,0%,9.4
aguas con electrolitos,0,20,0%,9.7
vaso 700 ml,0,20,0%,9.75
que hacen los electrolitos,0,20,0%,10.35
que es magnesio,0,20,0%,11.4
para que tomar creatina,0,20,0%,11.7
suplemento creatina,0,20,0%,15.5
que contiene electrolitos,0,20,0%,16.8
polvos con electrolitos,0,19,0%,3.63
hidratacion electrolitos,0,19,0%,5.53
marcas de electrolitos,0,19,0%,5.84
para que sirve el magnesio,0,19,0%,6.95
amazing.cl,0,19,0%,7.47
shot de electrolitos,0,19,0%,7.47
bebida hidratante con electrolitos,0,19,0%,8.37
magnecio tipos,0,19,0%,8.42
botella runner,0,19,0%,9.47
que significa electrolitos,0,19,0%,9.95
creatina para mujeres,0,19,0%,11.47
berries en polvo,0,19,0%,11.53
para qué sirven los electrolitos en el cuerpo,0,19,0%,12.47
antarticare,0,19,0%,32.58
fibra probiotica amazing care,0,18,0%,1
amazing care vs extra life,0,18,0%,1.22
disautonomia,0,18,0%,3.33
electroitos,0,18,0%,5.28
botella soft flask 500 ml,0,18,0%,6
rlectrolitos,0,18,0%,6.89
prebiótica,0,18,0%,7.17
beneficios creatina en mujeres,0,18,0%,7.61
amazing.,0,18,0%,7.78
que tipo de magnesio hay y para que sirve,0,18,0%,7.83
botella hidratacion running,0,18,0%,8.83
electrolitos para que es,0,18,0%,8.83
para que sieven los electrolitos,0,18,0%,8.83
electrolit para que sirve,0,18,0%,9
en que ayuda la creatina,0,18,0%,9.78
botellas flexibles,0,18,0%,10
para que sirve la creatina y cuando tomarla,0,18,0%,10.22
qué significa electrolitos,0,18,0%,10.28
para que sirve el electrolito,0,18,0%,11.06
como se toma la creatina,0,18,0%,23.61
electrolitos caja,0,17,0%,2.06
probioticos + fibra,0,17,0%,3.76
electrolitos para el agua,0,17,0%,3.94
electolitros,0,17,0%,5.71
alectrolitos,0,17,0%,6.18
diferencia entre magnesio y citrato de magnesio,0,17,0%,6.29
bebida isotónica casera para diarrea,0,17,0%,6.47
cuál es la fibra prebiótica,0,17,0%,6.76
mejores electrolitos sin azucar,0,17,0%,6.76
electrolítos,0,17,0%,8.06
magnesios,0,17,0%,8.06
que tipos de magnesio hay y para que sirve,0,17,0%,8.12
tipos magnesio para que sirve,0,17,0%,8.24
botella termica boca ancha,0,17,0%,8.59
bisglicinato de magnesio diferencia con citrato de magnesio,0,17,0%,8.94
creatina mujeres,0,17,0%,9.35
para que sirven los.electrolitos,0,17,0%,9.35
cuantas clases de magnesio hay y para que sirve,0,17,0%,9.47
fibra al dia,0,17,0%,10.41
para que es creatina,0,17,0%,10.47
como se usa la creatina,0,17,0%,11.24
creatine para que sirve,0,17,0%,12.24
cuáles son los electrolitos,0,17,0%,12.24
botella de boca ancha,0,16,0%,3.12
electrolit piña,0,16,0%,4.25
botella termica blanca,0,16,0%,4.94
electrolitos saludables,0,16,0%,5
aguas hidratantes con electrolitos,0,16,0%,5.69
electrolitls,0,16,0%,5.94
suplemento hidratante,0,16,0%,6.38
cuantos tipo de magnesio hay y para que sirve,0,16,0%,6.81
electrolitos antes de correr,0,16,0%,6.94
creatina monohidratada beneficios en mujeres,0,16,0%,7
diferencia entre los tipos de magnesio,0,16,0%,7.56
cuanta fibra debe comer al dia,0,16,0%,7.81
variedades de magnesio,0,16,0%,7.94
tipos de magnesio y su uso,0,16,0%,8
para qué sirve cada magnesio,0,16,0%,8.06
se puede tomar fibra todos los dias,0,16,0%,8.12
beneficios de creatina en mujeres,0,16,0%,8.25
electrolitos que hacen,0,16,0%,8.5
bebida isotonica en sobres,0,16,0%,8.56
magnesio y sus tipos,0,16,0%,8.75
sabores de electrolitos,0,16,0%,8.88
fibra para tomar todos los dias,0,16,0%,9
cuánta fibra consumir al día,0,16,0%,9.06
vaso de 700 ml,0,16,0%,9.62
creatina sirve,0,16,0%,9.69
consumo de fibra al dia,0,16,0%,10
para que sirve y como se toma,0,16,0%,10.25
magnecio para que sirve,0,16,0%,10.62
creatina uso,0,16,0%,11.06
como es la creatina,0,16,0%,11.31
creatina beneficios,0,16,0%,15.69
que es el electrolitos,0,16,0%,17
electrolitos efervescentes,0,16,0%,53.5
electrolitos en polvos,0,15,0%,1.73
caja electrolitos,0,15,0%,2.53
botella insulada 500 ml,0,15,0%,3.6
tipos.de magnesio,0,15,0%,4.8
power electrolitos,0,15,0%,6.07
probióticos con fibra,0,15,0%,6.33
elecrrolitos,0,15,0%,6.8
precio electrolitos,0,15,0%,6.87
tipos de magnesio para consumir,0,15,0%,7.8
amaizinf,0,15,0%,7.93
para qué sirve la creatina monohidratada,0,15,0%,8
como ingerir electrolitos,0,15,0%,8.07
botella térmica 500 ml,0,15,0%,8.13
que es el electrolito,0,15,0%,8.53
que magnesio,0,15,0%,8.73
cuántos tipos de magnesio hay y para qué sirven,0,15,0%,8.8
magnesio tipos y beneficios,0,15,0%,9.67
amagazin,0,15,0%,9.73
dosis de fibra diaria,0,15,0%,9.73
botellas flask,0,15,0%,9.8
para que sirve tomar creatina en mujeres,0,15,0%,10.53
que son los electrolitros,0,15,0%,10.53
para que sirve consumir creatina,0,15,0%,10.87
suplementos de magnesio,0,15,0%,13.13
que es un electrolitos,0,15,0%,22.47
electrolitos berries,0,14,0%,1.29
electrolitos stick,0,14,0%,2.07
botella de vidrio con tapa,0,14,0%,4
electrolitos buenos,0,14,0%,4.21
botella ancha,0,14,0%,4.64
que magnesio sirve para el cansancio fisico y mental,0,14,0%,5.71
magnesio vs citrato de magnesio,0,14,0%,6.36
cuáles son los tipos de magnesio que hay,0,14,0%,6.5
electrolitos individuales,0,14,0%,6.86
electrolitos para qué sirven,0,14,0%,7.86
magnesio tipos de magnesio,0,14,0%,8
mini batidor eléctrico,0,14,0%,8.93
cual es la diferencia entre citrato de magnesio y bisglicinato de magnesio,0,14,0%,9.14
la naranja tiene electrolitos,0,14,0%,9.64
que son lo electrolitos,0,14,0%,10.64
maracuya en polvo,0,14,0%,10.71
para qué sirve tomar creatina,0,14,0%,11.29
botella de agua running,0,14,0%,15.79
que es un electrolito,0,13,0%,1.15
electrolytes,0,13,0%,2.08
electrolitos de limon,0,13,0%,2.31
bebida hidratante en sobre,0,13,0%,2.46
botellas de electrolitos,0,13,0%,2.46
botella electrolitos,0,13,0%,2.77
vitamina electrolitos,0,13,0%,3
bebida electrolito,0,13,0%,3.15
stick electrolitos,0,13,0%,3.92
cual es el mejor electrolito para tomar,0,13,0%,4.77
electrolitos marcas,0,13,0%,4.77
distintos magnesios,0,13,0%,4.85
electrolito de maracuya,0,13,0%,4.92
sueros en polvo de sabores,0,13,0%,5.62
probiotico fibra,0,13,0%,5.69
electrolitoz,0,13,0%,5.77
todos los tipos de magnesio,0,13,0%,5.77
electrolitos en sobre farmacia,0,13,0%,7.15
tipo de magnecio,0,13,0%,7.15
electrolisto,0,13,0%,7.23
diferencias de magnesio y para que sirve,0,13,0%,7.46
que beneficios tiene la creatina en la mujer,0,13,0%,7.46
diferencia entre el magnesio y el citrato de magnesio,0,13,0%,7.54
para que sirven los distintos magnesios,0,13,0%,7.54
electroltos,0,13,0%,7.69
tipos de magnesio y funcion,0,13,0%,7.69
fibra por dia,0,13,0%,7.77
magnesio que contenga todos los tipos de magnesio,0,13,0%,8.15
cuántos gramos de fibra hay que consumir al día,0,13,0%,8.31
cuanta fibra tiene que comer una persona al dia,0,13,0%,8.38
productos con electrolitos,0,13,0%,8.46
que son los electrolitos para tomar,0,13,0%,8.54
porque tomar electrolitos,0,13,0%,8.85
fibra diaria,0,13,0%,9
bebida con electrolitos casera,0,13,0%,9.23
requerimiento de fibra,0,13,0%,9.46
botella de 600 ml,0,13,0%,9.54
botella soft running,0,13,0%,9.54
distintos magnesios y sus funciones,0,13,0%,9.62
mejor marca de electrolitos,0,13,0%,9.69
que hace la creatina en la mujer,0,13,0%,9.92
electrolitos embarazo,0,13,0%,10
sobres de fibra,0,13,0%,10.08
soft flasks,0,13,0%,10.08
bebidas isotónicas caseras,0,13,0%,10.23
para k sirve la creatina y como se toma,0,13,0%,10.92
consumir fibra,0,13,0%,11.08
que son los.electrolitos,0,13,0%,11.23
para que ayuda la creatina,0,13,0%,11.62
para que sirve tomar creatina,0,13,0%,14
la creatina,0,13,0%,14.38
para q sirven los electrolitos en el cuerpo humano,0,13,0%,14.46
caramagiola,0,13,0%,34
botella de 600ml,0,12,0%,1
electrolitos vitaminas,0,12,0%,4.08
suero,0,12,0%,4.17
electro litos,0,12,0%,5.33
diferencia entre tipos de magnesio,0,12,0%,5.42
vasos 700ml,0,12,0%,5.5
tipos de citratos de magnesio,0,12,0%,5.58
el bisglicinato de magnesio sirve para dormir,0,12,0%,5.75
cuanta fibra se debe comer al dia,0,12,0%,5.83
variedad de magnesio,0,12,0%,5.92
jugos con electrolitos,0,12,0%,6.08
valor electrolitos,0,12,0%,6.33
wlectrolitos,0,12,0%,6.42
los electrolitos son sales,0,12,0%,6.58
todos los magnesios,0,12,0%,6.67
diferencia de citrato de magnesio y magnesio,0,12,0%,7.08
ameazing,0,12,0%,7.67
cuando se toman los electrolitos,0,12,0%,7.75
beneficio creatina en mujeres,0,12,0%,7.83
los tipos de magnesio,0,12,0%,7.92
aazing,0,12,0%,8.08
qué es la creatina,0,12,0%,8.08
qué tipos de magnesio existen,0,12,0%,8.17
tipos de magnesio y sus beneficios,0,12,0%,8.25
cuanto tipos de magnesio hay,0,12,0%,8.5
el citrato de magnesio es lo mismo que el magnesio,0,12,0%,9.17
dónde puedo comprar electrolitos,0,12,0%,9.5
para que es el electrolito,0,12,0%,9.5
qué hacen los electrolitos,0,12,0%,9.67
electrolitos q es,0,12,0%,9.92
creatina monohidrato para que sirve,0,12,0%,10
marca de electrolitos,0,12,0%,10
magnesio para bariatricos,0,12,0%,10.08
donde venden electrolitos,0,12,0%,10.33
qué son los electrolitos en el cuerpo,0,12,0%,10.67
que son los electrolito,0,12,0%,10.92
cuanta fibra necesitamos al dia,0,12,0%,11.58
vaso care,0,11,0%,1.27
electrolitos en chile,0,11,0%,1.55
electrolitos sabor naranja,0,11,0%,2.18
citrato de magnesio para que sirve,0,11,0%,2.73
electrolito en polvo sin azucar,0,11,0%,2.82
probioticos mas fibra,0,11,0%,3.18
electrolitos liquido,0,11,0%,3.73
limon electrolitos,0,11,0%,3.73
que quiere decir botella insulada,0,11,0%,3.73
electrolitos?,0,11,0%,4.64
electrolos,0,11,0%,4.73
magnesio diferencias,0,11,0%,4.82
vaso 700ml,0,11,0%,4.82
fibra previotica,0,11,0%,4.91
diferencia de magnesio,0,11,0%,5.64
hidratación electrolitos,0,11,0%,5.91
sobre de hidratacion,0,11,0%,6.36
bebida isotónica casera sin azúcar,0,11,0%,6.55
electrokitos,0,11,0%,6.55
citrato de magnesio vs magnesio,0,11,0%,6.64
prebiotic fiber para que sirve,0,11,0%,6.73
cuanta cantidad de fibra se debe consumir al dia,0,11,0%,6.82
botella plegable running,0,11,0%,7.64
tipos de citrato de magnesio para que sirve,0,11,0%,7.82
gr de fibra al dia,0,11,0%,7.91
la limonada tiene electrolitos,0,11,0%,7.91
diferencia magnesio y citrato de magnesio,0,11,0%,8.09
farmacia electrolitos,0,11,0%,8.45
diferencias entre magnesio y citrato de magnesio,0,11,0%,8.55
cuanta fibra debo consumir al dia,0,11,0%,8.73
qmazing,0,11,0%,8.82
botella de agua soft flask,0,11,0%,8.91
botella agua running,0,11,0%,9
cuanta fibra tengo que comer al dia,0,11,0%,9.09
qué son los electrolíticos,0,11,0%,9.18
sobre de fibra,0,11,0%,9.45
se puede tomar electrolitos todos los dias,0,11,0%,9.64
recomendación de fibra oms,0,11,0%,9.82
electrolitos sin azucar con sodio potasio y magnesio,0,11,0%,9.91
con que se toma la creatina,0,11,0%,10.09
magnesio para q sirve,0,11,0%,10.09
creatina y lipedema,0,11,0%,10.18
.magnesio,0,11,0%,10.27
tipos de citrato y para que sirve,0,11,0%,10.73
cantidad de fibra diaria recomendada,0,11,0%,11.09
electrólitos que son,0,11,0%,11.09
para sirve la creatina y como se toma,0,11,0%,11.45
cuantos electrolitos puedo tomar al dia,0,11,0%,11.82
electrolitos para el cuerpo,0,11,0%,23.36
para que sirven los electrolitos en el cuerpo humano,0,11,0%,25.09
que significa que una botella sea insulada,0,10,0%,1
elctrolitos en polvo,0,10,0%,1.7
botella termica de 500 ml,0,10,0%,2
simifibra para que sirve,0,10,0%,2.9
bebida con electrolitos sin azucar,0,10,0%,3.6
mix sabores,0,10,0%,3.7
fibra + probioticos,0,10,0%,4.4
electrolitos cl,0,10,0%,4.8
electrolitos migraña,0,10,0%,4.8
electrolitos drink,0,10,0%,5.1
electrolitos para la migraña,0,10,0%,5.1
electrolytos,0,10,0%,5.2
probioticos fibra,0,10,0%,5.7
electrolitos en polvo para que sirve,0,10,0%,5.8
cuántos tipos de citrato de magnesio hay,0,10,0%,6
electriolitos,0,10,0%,6
botella vidrio con tapa,0,10,0%,6.4
que tipo de magnesio hay,0,10,0%,6.5
cuantos tipos de magnesio existen y cuales son,0,10,0%,6.6
probioticos prebioticos y fibra,0,10,0%,7.3
qué tipos de magnesio hay,0,10,0%,7.5
creatina monohidratada beneficios para mujeres,0,10,0%,7.6
fibra soluble comprar,0,10,0%,7.8
magnesio para la energia cual es,0,10,0%,8.1
creatina como tomarla y para que sirve,0,10,0%,8.2
los electrolitos cosmicos,0,10,0%,8.2
tipo magnesio,0,10,0%,8.2
creatina efectos en mujeres,0,10,0%,8.3
electrolit blueberry,0,10,0%,8.4
que son los hidrolitos,0,10,0%,8.4
cuántos gramos de fibra necesitamos al día,0,10,0%,8.5
sobres hidratantes para agua,0,10,0%,8.7
botellas termicas 500 ml,0,10,0%,8.9
a que hora tomar electrolitos,0,10,0%,9.1
creatina en mujeres efectos,0,10,0%,9.1
para qué son buenos los electrolitos,0,10,0%,9.1
para que sirven los electrolitos en el agua,0,10,0%,9.2
para qué sirven los diferentes tipos de magnesio,0,10,0%,9.2
tipos de magnesio y su funcion,0,10,0%,9.2
para que consumir creatina,0,10,0%,9.3
cuanto de fibra se debe consumir al dia,0,10,0%,9.5
fibra soluble precio,0,10,0%,9.5
para que sirve la creatine monohydrate,0,10,0%,9.5
magnesio solo para que sirve,0,10,0%,9.7
pack suplementos,0,10,0%,9.8
ingesta de fibra,0,10,0%,10.2
cuanta fibra debo consumir,0,10,0%,10.3
para sirven los electrolitos,0,10,0%,10.3
magnesio de sodio para que sirve,0,10,0%,10.6
para que sirve creatina en mujeres,0,10,0%,10.7
bebida hidratante para niños,0,10,0%,10.8
q son electrolitos,0,10,0%,10.9
en que ayudan los electrolitos al cuerpo,0,10,0%,11
k son los electrolitos,0,10,0%,11.1
cómo se usa la creatina,0,10,0%,11.2
suplementos creatina para que sirve,0,10,0%,11.3
para q sirve tomar creatina,0,10,0%,11.5
para que sirve la creatinina,0,10,0%,11.5
para qué se usa la creatina,0,10,0%,12
las embarazadas pueden tomar electrolitos,0,10,0%,14.6
mejores electrolitos sin azúcar,0,10,0%,18.6
electrolitos en el cuerpo humano,0,10,0%,34.4
fibra dietetica,0,10,0%,42
que son los probioticos,0,9,0%,1
electrolito bebida,0,9,0%,1.11
pastillas electrolitos,0,9,0%,2.11
hidratantes en polvo sin azucar,0,9,0%,2.67
amazing c,0,9,0%,2.78
azana prebiotic para que sirve,0,9,0%,3
electrolitos disautonomia,0,9,0%,3.11
electrolitos sobres precio,0,9,0%,3.44
fibra comprar,0,9,0%,3.44
electrolitos deportivos,0,9,0%,3.67