Páginas principales,Clics,Impresiones,CTR,Posición
https://amazingcare.cl/,3057,72169,4.24%,4.17
https://amazingcare.cl/collections/electrolitos,629,27688,2.27%,2.37
https://amazingcare.cl/products/electrolitos-berries-12-sticks,534,79204,0.67%,5.36
https://amazingcare.cl/products/electrolitos-naranja-12-sticks,319,63422,0.5%,5.67
https://amazingcare.cl/products/fibra-prebiotica-berries,240,9209,2.61%,3.52
https://amazingcare.cl/pages/por-que-consumir-electrolitos,223,36377,0.61%,4.96
https://amazingcare.cl/products/electrolitos-maracuya-12-sticks,120,31206,0.38%,5.3
https://amazingcare.cl/pages/preguntas-frecuentes,68,9427,0.72%,3.18
https://amazingcare.cl/blogs/noticias/electrolitos-disautonomia,66,2339,2.82%,6.02
https://amazingcare.cl/blogs/noticias/magnesio-que-es-para-que-sirve-y-como-elegir-el-tipo-adecuado,53,22530,0.24%,8.14
https://amazingcare.cl/blogs/noticias/electrolitos-pacientes-bariatricos,41,3199,1.28%,6.03
https://amazingcare.cl/collections/todos-los-productos,39,16284,0.24%,2.36
https://amazingcare.cl/blogs/noticias/electrolitos-amazing-care-hidratacion-limpia-y-saludable,38,10754,0.35%,5.97
https://amazingcare.cl/products/botella-soft-flask-running-500ml,37,5064,0.73%,9.11
https://amazingcare.cl/blogs/noticias/electrolitos-running-cuando-como-consumir,33,5823,0.57%,6.66
https://amazingcare.cl/products/electrolitos-sabor-pina-bebida-hidratante-en-polvo-12-sticks,27,6727,0.4%,6.14
https://amazingcare.cl/blogs/noticias/cuanta-fibra-necesitamos-consumir-al-dia,24,9967,0.24%,7.74
https://amazingcare.cl/products/electrolitos-en-polvo-energy-sabor-tropical-10-sticks,22,2254,0.98%,5.52
https://amazingcare.cl/blogs/noticias/electrolitos-que-son-para-que-sirven,19,12825,0.15%,10.53
https://amazingcare.cl/collections/fibra-prebiotica,18,2559,0.7%,3.99
https://amazingcare.cl/products/electrolitos-limonada-12-sticks,17,5353,0.32%,5.74
https://amazingcare.cl/products/pack-mix-electrolitos-5-sabores-60-sticks,17,2830,0.6%,4.44
https://amazingcare.cl/products/electrolitos-sabor-berries-bebida-hidratante-en-polvo-12-sticks-copia,15,3791,0.4%,7.16
https://amazingcare.cl/blogs/noticias/electrolitos-para-migrana,14,592,2.36%,5.24
https://amazingcare.cl/pages/iniciativas-mensuales-afiliados,14,320,4.38%,5.72
https://amazingcare.cl/products/electrolitos-limon-30-sticks,13,3409,0.38%,5.72
https://amazingcare.cl/products/electrolitos-en-polvo-mix-sabores-30-sticks,13,2788,0.47%,4.9
https://amazingcare.cl/products/electrolitos-en-polvo-sabor-berries-30-sticks,13,2287,0.57%,6.39
https://amazingcare.cl/pages/contacto-distribuidor,12,1115,1.08%,3.09
https://amazingcare.cl/pages/contact,12,235,5.11%,7.02
https://amazingcare.cl/pages/capacitaciones-para-profesionales,12,144,8.33%,6.12
https://amazingcare.cl/blogs/noticias/bebida-isotonica-casera,11,1760,0.62%,7.67
https://amazingcare.cl/blogs/noticias/creatina-beneficios-como-tomarla,10,6760,0.15%,11.59
https://amazingcare.cl/pages/quiero-ser-embajador,10,683,1.46%,3.55
https://amazingcare.cl/blogs/noticias/fibra-sop-somp-salud-hormonal,9,1207,0.75%,8.86
https://amazingcare.cl/pages/nostros,9,1097,0.82%,4.87
https://amazingcare.cl/products/super-pack-electrolitos-5-sabores-150-sticks,9,724,1.24%,7.29
https://amazingcare.cl/products/botella-vidrio-600ml,7,1431,0.49%,5.46
https://amazingcare.cl/blogs/noticias,7,179,3.91%,7.15
https://amazingcare.cl/products/botella-termica-insulada-500ml,6,2565,0.23%,9.16
https://amazingcare.cl/collections/nuevas-botellas,6,1314,0.46%,2.73
https://amazingcare.cl/blogs/noticias/electrolitos-bisglicinato-magnesio,6,490,1.22%,7.31
https://amazingcare.cl/blogs/noticias/que-es-fibra-prebiotica-beneficios-salud-intestinal,5,2298,0.22%,7.77
https://amazingcare.cl/products/super-pack-electrolitos-mix-sabores-120-sticks-vaso-700ml-regalo,5,1344,0.37%,2.6
https://amazingcare.cl/blogs/noticias/creatina-en-mujeres-beneficios,4,4237,0.09%,9.5
https://amazingcare.cl/products/botella-600ml-boca-ancha,4,2112,0.19%,4.85
https://amazingcare.cl/collections/packs,4,698,0.57%,6.66
https://amazingcare.cl/products/vaso-amazing-care-700ml,4,628,0.64%,7.36
https://amazingcare.cl/blogs/noticias/cuanto-sodio-debe-tener-un-electrolito,3,415,0.72%,6.63
https://amazingcare.cl/products/botella-soft-flask-running-500ml-copia,3,81,3.7%,8.85
https://amazingcare.cl/products/electrolitos-en-polvo-sabor-berries-30-sticks?variant=51389006479656&country=CL&currency=CLP&utm_medium=product_sync&utm_source=google&utm_content=sag_organic&utm_campaign=sag_organic,3,52,5.77%,2.9
https://amazingcare.cl/products/botella-soft-flask-running-500ml?variant=51082672046376&country=CL&currency=CLP&utm_medium=product_sync&utm_source=google&utm_content=sag_organic&utm_campaign=sag_organic,3,9,33.33%,2.56
https://amazingcare.cl/collections/all,2,1030,0.19%,3.92
https://amazingcare.cl/pages/form-salud-ps,2,372,0.54%,1.32
https://amazingcare.cl/products/electrolitos-en-polvo-sabor-maracuya-30-sticks,2,361,0.55%,6.73
https://amazingcare.cl/pages/landing1,2,334,0.6%,4.87
https://amazingcare.cl/products/botella-termica-insulada-blanca-500ml,2,255,0.78%,8.17
https://amazingcare.cl/products/electrolitos-berries-36-sticks,2,134,1.49%,6.07
https://amazingcare.cl/products/electrolitos-en-polvo-mix-sabores-5-sticks,2,130,1.54%,10.54
https://amazingcare.cl/blogs/noticias/tabla-comparativa-2026,2,127,1.57%,5.68
https://amazingcare.cl/products/electrolitos-naranja-12-sticks?variant=49520750166312&country=CL&currency=CLP&utm_medium=product_sync&utm_source=google&utm_content=sag_organic&utm_campaign=sag_organic,2,104,1.92%,2.8
https://amazingcare.cl/products/caramagiola-blanca-amazing-care-700ml,2,98,2.04%,11.74
https://amazingcare.cl/blogs/noticias/lipedema-y-electrolitos-por-que-pueden-ayudarte-mas-de-lo-que-imaginas,2,64,3.12%,4.89
https://amazingcare.cl/products/electrolitos-berries-12-sticks?variant=49818792821032&country=CL&currency=CLP&utm_medium=product_sync&utm_source=google&utm_content=sag_organic&utm_campaign=sag_organic,2,30,6.67%,3.67
https://amazingcare.cl/products/electrolitos-sabor-berries-bebida-hidratante-en-polvo-12-sticks-copia?variant=49776509354280&country=CL&currency=CLP&utm_medium=product_sync&utm_source=google&utm_content=sag_organic&utm_campaign=sag_organic,2,12,16.67%,2.75
https://amazingcare.cl/collections/frontpage,1,1622,0.06%,2.52
https://amazingcare.cl/collections,1,1448,0.07%,3.79
https://amazingcare.cl/collections/best-sellers,1,976,0.1%,2.39
https://amazingcare.cl/products/electrolitos-en-polvo-sabor-naranja-30-sticks,1,815,0.12%,8.2
https://amazingcare.cl/policies/contact-information,1,748,0.13%,2.83
https://amazingcare.cl/products/pack-4x-electrolitos-mix-sabores-48-sticks-vaso-700ml-regalo,1,658,0.15%,3.05
https://amazingcare.cl/products/electrolitos-maracuya-36-sticks,1,603,0.17%,2.67
https://amazingcare.cl/collections/best-sellers-packs,1,550,0.18%,2.84
https://amazingcare.cl/products/electrolitos-en-polvo-sabor-pina-30-sticks,1,359,0.28%,6.73
https://amazingcare.cl/products/electrolitos-pack-120-sticks,1,317,0.32%,6.95
https://amazingcare.cl/blogs/noticias/fibra-prebiotica-deporte-digestion-energia-recuperacion,1,287,0.35%,7.52
https://amazingcare.cl/products/pack-sport-1,1,237,0.42%,7.19
https://amazingcare.cl/pages/auspicios,1,115,0.87%,6.68
https://amazingcare.cl/products/electrolitos-sabor-pina-bebida-hidratante-en-polvo-12-sticks?variant=51082806690088&country=CL&currency=CLP&utm_medium=product_sync&utm_source=google&utm_content=sag_organic&utm_campaign=sag_organic,1,83,1.2%,3.37
https://amazingcare.cl/products/electrolitos-limonada-12-sticks?variant=49493411201320&country=CL&currency=CLP&utm_medium=product_sync&utm_source=google&utm_content=sag_organic&utm_campaign=sag_organic,1,35,2.86%,2.23
https://amazingcare.cl/pages/amazing-partners,1,27,3.7%,7.89
https://amazingcare.cl/products/electrolitos-en-polvo-energy-sabor-tropical-10-sticks?variant=51552421052712&country=CL&currency=CLP&utm_medium=product_sync&utm_source=google&utm_content=sag_organic&utm_campaign=sag_organic,1,19,5.26%,4.26
https://amazingcare.cl/products/electrolitos-en-polvo-sabor-pina-30-sticks?variant=51389006577960&country=CL&currency=CLP&utm_medium=product_sync&utm_source=google&utm_content=sag_organic&utm_campaign=sag_organic,1,6,16.67%,4.33
https://amazingcare.cl/products/pack-mix-electrolitos-5-sabores-60-sticks?variant=51342620229928&country=CL&currency=CLP&utm_medium=product_sync&utm_source=google&utm_content=sag_organic&utm_campaign=sag_organic,1,6,16.67%,5.17
https://amazingcare.cl/products/botella-vidrio-600ml?variant=51082637574440&country=CL&currency=CLP&utm_medium=product_sync&utm_source=google&utm_content=sag_organic&utm_campaign=sag_organic,1,3,33.33%,1.33
https://amazingcare.cl/blogs/noticias/magnesio-que-es-para-que-sirve-y-como-elegir-el-tipo-adecuado#tipos,0,1181,0%,9.63
https://amazingcare.cl/blogs/noticias/magnesio-que-es-para-que-sirve-y-como-elegir-el-tipo-adecuado#beneficios,0,1177,0%,9.63
https://amazingcare.cl/blogs/noticias/magnesio-que-es-para-que-sirve-y-como-elegir-el-tipo-adecuado#que-es,0,1115,0%,9.58
https://amazingcare.cl/blogs/noticias/magnesio-que-es-para-que-sirve-y-como-elegir-el-tipo-adecuado#alimentacion,0,1115,0%,9.58
https://amazingcare.cl/collections/accesorios,0,670,0%,2.46
https://amazingcare.cl/policies/refund-policy,0,557,0%,9.24
https://amazingcare.cl/products/electrolitos-mix-sabores-48-sticks,0,369,0%,6.75
https://amazingcare.cl/collections/todos-los-productos?page=2,0,365,0%,1.77
https://amazingcare.cl/products/pack-bienestar,0,351,0%,8.02
https://amazingcare.cl/products/pack-energy-electrolitos-mix-sabores-energy,0,345,0%,7.95
https://amazingcare.cl/blogs/noticias/amazing-care-energy-vs-bebidas-energeticas,0,242,0%,5.9
https://amazingcare.cl/blogs/noticias/electrolitos-calambres-musculares,0,158,0%,7.27
https://amazingcare.cl/blogs/noticias/salud-intestinal-que-es-microbiota-beneficios-como-mejorarla,0,115,0%,15.89
https://amazingcare.cl/products/pack-sport-2-electrolitos-mix-sabores-caramagiola,0,113,0%,7.99
https://amazingcare.cl/collections/all?page=2,0,104,0%,4.1
https://amazingcare.cl/blogs/noticias/preparacion-maraton-tips-entrenamiento-hidratacion,0,80,0%,8.14
https://amazingcare.cl/products/mini-batidor-electrico,0,75,0%,8.73
https://amazingcare.cl/collections/new-arrival,0,72,0%,12.01
https://amazingcare.cl/products/electrolitos-naranja-36-sticks,0,66,0%,7.23
https://amazingcare.cl/products/electrolitos-maracuya-12-sticks?variant=49520747839784&country=CL&currency=CLP&utm_medium=product_sync&utm_source=google&utm_content=sag_organic&utm_campaign=sag_organic,0,63,0%,5
https://amazingcare.cl/products/electrolitos-en-polvo-mix-sabores-30-sticks-copia,0,53,0%,22.21
https://amazingcare.cl/products/electrolitos-en-polvo-mix-sabores-5-sticks?variant=51389956227368&country=CL&currency=CLP&utm_medium=product_sync&utm_source=google&utm_content=sag_organic&utm_campaign=sag_organic,0,51,0%,2.71
https://amazingcare.cl/blogs/noticias/cafeina-energia-rendimiento-concentracion-beneficios-dosis,0,43,0%,7.6
https://amazingcare.cl/blogs/noticias/fibra-hidratacion-digestion,0,42,0%,7.17
https://amazingcare.cl/blogs/noticias/electrolitos-disautonomia#que-es,0,39,0%,4.1
https://amazingcare.cl/blogs/noticias/electrolitos-disautonomia#sintomas,0,39,0%,4.1
https://amazingcare.cl/collections/electrolitos-energy,0,39,0%,10.03
https://amazingcare.cl/blogs/noticias/electrolitos-disautonomia#tratamiento,0,38,0%,4.13
https://amazingcare.cl/blogs/noticias/bebida-isotonica-casera#cuando,0,38,0%,9.18
https://amazingcare.cl/blogs/noticias/bebida-isotonica-casera#que-es,0,38,0%,9.18
https://amazingcare.cl/blogs/noticias/bebida-isotonica-casera#receta,0,34,0%,9.26
https://amazingcare.cl/products/electrolitos-limonada-36-sticks,0,33,0%,5.94
https://amazingcare.cl/pages/ciencia-certificaciones-amazing-care,0,33,0%,6.09
https://amazingcare.cl/policies/terms-of-service,0,32,0%,15.59
https://amazingcare.cl/blogs/noticias/electrolitos-invierno,0,31,0%,4.23
https://amazingcare.cl/pages/about-page-skin-care-aug-13-11-00-19,0,28,0%,12.93
https://amazingcare.cl/policies/privacy-policy,0,23,0%,11.04
https://amazingcare.cl/products/fibra-prebiotica-berries?variant=50898388287784&country=CL&currency=CLP&utm_medium=product_sync&utm_source=google&utm_content=sag_organic&utm_campaign=sag_organic,0,19,0%,5.37
https://amazingcare.cl/products/electrolitos-en-polvo-sabor-naranja-30-sticks?variant=51389006151976&country=CL&currency=CLP&utm_medium=product_sync&utm_source=google&utm_content=sag_organic&utm_campaign=sag_organic,0,17,0%,2.53
https://amazingcare.cl/products/gift-card-amazingcare,0,16,0%,6.31
https://amazingcare.cl/blogs/noticias?page=4,0,15,0%,8.53
https://amazingcare.cl/blogs/noticias?page=2,0,12,0%,6.25
https://amazingcare.cl/pages/landing-page-feb-19-23-59-36,0,12,0%,24.75
https://amazingcare.cl/products/electrolitos-limon-30-sticks?variant=51388999860520&country=CL&currency=CLP&utm_medium=product_sync&utm_source=google&utm_content=sag_organic&utm_campaign=sag_organic,0,11,0%,3.18
https://amazingcare.cl/pages/form-deporte-ps,0,11,0%,17.18
https://amazingcare.cl/apps/ecomposer-visual-page-builder,0,11,0%,19.09
https://amazingcare.cl/blogs/noticias?page=5,0,9,0%,6.22
https://amazingcare.cl/products/electrolitos-naranja-36-sticks?variant=49520837689640&country=CL&currency=CLP&utm_medium=product_sync&utm_source=google&utm_content=sag_organic&utm_campaign=sag_organic,0,7,0%,3.29
https://amazingcare.cl/products/electrolitos-en-polvo-mix-sabores-30-sticks?variant=51389930012968&country=CL&currency=CLP&utm_medium=product_sync&utm_source=google&utm_content=sag_organic&utm_campaign=sag_organic,0,6,0%,3.5
https://amazingcare.cl/products/electrolitos-en-polvo-sabor-maracuya-30-sticks?variant=51389005857064&country=CL&currency=CLP&utm_medium=product_sync&utm_source=google&utm_content=sag_organic&utm_campaign=sag_organic,0,6,0%,5.5
https://amazingcare.cl/blogs/noticias?page=3,0,6,0%,8
https://amazingcare.cl/products/electrolitos-maracuya-36-sticks?variant=49520824877352&country=CL&currency=CLP&utm_medium=product_sync&utm_source=google&utm_content=sag_organic&utm_campaign=sag_organic,0,5,0%,2.8
https://amazingcare.cl/products/botella-termica-insulada-500ml?variant=49683804684584&country=CL&currency=CLP&utm_medium=product_sync&utm_source=google&utm_content=sag_organic&utm_campaign=sag_organic,0,3,0%,2
https://amazingcare.cl/products/electrolitos-berries-36-sticks?variant=49520818651432&country=CL&currency=CLP&utm_medium=product_sync&utm_source=google&utm_content=sag_organic&utm_campaign=sag_organic,0,2,0%,2
https://amazingcare.cl/products/super-pack-electrolitos-5-sabores-150-sticks?variant=51342624882984&country=CL&currency=CLP&utm_medium=product_sync&utm_source=google&utm_content=sag_organic&utm_campaign=sag_organic,0,2,0%,2.5
https://amazingcare.cl/products/electrolitos-limonada-36-sticks?variant=49520814620968&country=CL&currency=CLP&utm_medium=product_sync&utm_source=google&utm_content=sag_organic&utm_campaign=sag_organic,0,2,0%,3
https://amazingcare.cl/products/electrolitos-pack-120-sticks?variant=49881350963496&country=CL&currency=CLP&utm_medium=product_sync&utm_source=google&utm_content=sag_organic&utm_campaign=sag_organic,0,2,0%,3
https://amazingcare.cl/products/super-pack-electrolitos-mix-sabores-120-sticks-vaso-700ml-regalo?variant=50359617093928&country=CL&currency=CLP&utm_medium=product_sync&utm_source=google&utm_content=sag_organic&utm_campaign=sag_organic,0,2,0%,3
https://amazingcare.cl/blogs/noticias/electrolitos-hidratacion-limpia-y-saludable,0,1,0%,1
https://amazingcare.cl/blogs/noticias/magnesio-que-is-para-que-sirve-y-como-elegir-el-tipo-adecuado,0,1,0%,1
https://amazingcare.cl/products/electrolitos-en-polvo-mix-sabores-30-sticks-copia?variant=51389956227368&country=CL&currency=CLP&utm_medium=product_sync&utm_source=google&utm_content=sag_organic&utm_campaign=sag_organic,0,1,0%,1
https://amazingcare.cl/products/vaso-amazing-care-700ml?variant=49683818152232&country=CL&currency=CLP&utm_medium=product_sync&utm_source=google&utm_content=sag_organic&utm_campaign=sag_organic,0,1,0%,1
https://amazingcare.cl/products/botella-soft-flask-running-500ml-copia?variant=51130978631976&country=CL&currency=CLP&utm_medium=product_sync&utm_source=google&utm_content=sag_organic&utm_campaign=sag_organic,0,1,0%,3
https://amazingcare.cl/products/electrolitos-mix-sabores-48-sticks?variant=49520840442152&country=CL&currency=CLP&utm_medium=product_sync&utm_source=google&utm_content=sag_organic&utm_campaign=sag_organic,0,1,0%,3
https://amazingcare.cl/blogs/noticias/electrolitos-pacientes-bariatricos#agua-no-suficiente,0,1,0%,6
https://amazingcare.cl/blogs/noticias/electrolitos-pacientes-bariatricos#cambios-bariatrica,0,1,0%,6
https://amazingcare.cl/blogs/noticias/electrolitos-pacientes-bariatricos#rol-electrolitos,0,1,0%,6
https://amazingcare.cl/cdn/shop/files/Caja_Electrolitos_Berries_12_Sachet_381x.png?v=1779755177,0,1,0%,7
https://amazingcare.cl/pages/profesionales-capacitados,0,1,0%,7
https://amazingcare.cl/cdn/shop/files/Botella-transparente-2.png?v=1751079784&width=1445,0,1,0%,8
https://amazingcare.cl/cdn/shop/files/1000_c7721a6f-6570-40f1-b2d8-c533517fd785.webp?v=1739474798&width=416,0,1,0%,10
https://amazingcare.cl/cdn/shop/files/BotellaTransparenteVidrio600ml_Mesadetrabajo1_381x.jpg?v=1763950610,0,1,0%,11
https://amazingcare.cl/cdn/shop/files/Soft_flask_1_Mesa_de_trabajo_1_381x.jpg?v=1764098690,0,1,0%,14
https://amazingcare.cl/cdn/shop/files/1000-16_381x.webp?v=1731682719,0,1,0%,17
https://amazingcare.cl/cdn/shop/files/Botella_Transparente_600ml_v2_Mesa_de_trabajo_1.jpg?v=1736216217&width=1946,0,1,0%,29
https://amazingcare.cl/pages/form-emergencias-ps,0,1,0%,48